{
  "urls": [
    "ch4.m4a",
    "ch4.ogg",
    "ch4.mp3"
  ],
  "sprite": {
    "Highlight1": [
      0,
      1832.6984126984128
    ],
    "Highlight2": [
      2050,
      1724.8299319727894
    ],
    "Highlight3": [
      4100,
      2052.3129251700684
    ]
  }
}