{
  "urls": [
    "ch0.m4a",
    "ch0.ogg",
    "ch0.mp3"
  ],
  "sprite": {
    "Lotteria_BGM": [
      0,
      44601.768707482996
    ],
    "Lotteria_BGM_Term": [
      45050,
      6973.49206349206
    ],
    "BetUp": [
      52099.99999999999,
      1525.736961451244
    ],
    "BetDown": [
      54149.99999999999,
      1716.0317460317458
    ],
    "BetMax": [
      56199.999999999985,
      1705.4648526077117
    ]
  }
}