{
  "urls": [
    "ch3.m4a",
    "ch3.ogg",
    "ch3.mp3"
  ],
  "sprite": {
    "Win1": [
      0,
      2531.1791383219957
    ],
    "Win2": [
      3050,
      2549.977324263039
    ],
    "Win3": [
      6100.000000000001,
      2186.3492063492067
    ],
    "Win4": [
      9150,
      2395.3287981859417
    ]
  }
}